{
    "camera": {
        "farZ": 1000.0,
        "fovY": 1.0471975803375244,
        "mouseSensitivity": 0.003000000026077032,
        "moveSpeed": 5.0,
        "nearZ": 0.10000000149011612,
        "pitch": 0.012000063434243202,
        "positionX": -10.184844970703125,
        "positionY": 1.157832145690918,
        "positionZ": 0.2937987446784973,
        "yaw": 1.5419964790344238
    },
    "gameObjects": [
        {
            "id": 1,
            "lightComponent": {
                "color": [
                    1.0,
                    1.0,
                    1.0
                ],
                "intensity": 1.0,
                "isEnabled": true,
                "shininess": 32.0,
                "specularStrength": 0.5,
                "type": "directional"
            },
            "name": "Directional Light",
            "transform": {
                "position": [
                    0.0,
                    0.0,
                    0.0
                ],
                "rotation": [
                    0.7071068286895752,
                    0.0,
                    0.0,
                    0.7071067690849304
                ],
                "scale": [
                    1.0,
                    1.0,
                    1.0
                ]
            }
        },
        {
            "id": 2,
            "lightComponent": {
                "color": [
                    1.0,
                    1.0,
                    1.0
                ],
                "intensity": 1.0,
                "isEnabled": true,
                "type": "ambient"
            },
            "name": "Ambient Light",
            "transform": {
                "position": [
                    0.0,
                    0.0,
                    0.0
                ],
                "rotation": [
                    0.0,
                    0.0,
                    0.0,
                    1.0
                ],
                "scale": [
                    1.0,
                    1.0,
                    1.0
                ]
            }
        },
        {
            "id": 3,
            "modelComponent": {
                "isEnabled": true,
                "modelName": "Sponza"
            },
            "name": "Sponza",
            "transform": {
                "position": [
                    0.0,
                    0.0,
                    0.0
                ],
                "rotation": [
                    0.0,
                    0.0,
                    0.0,
                    1.0
                ],
                "scale": [
                    1.0,
                    1.0,
                    1.0
                ]
            }
        }
    ],
    "nextId": 4,
    "version": 6
}