{
    "camera": {
        "farZ": 1000.0,
        "fovY": 1.0471975803375244,
        "mouseSensitivity": 0.003000000026077032,
        "moveSpeed": 5.0,
        "nearZ": 0.10000000149011612,
        "pitch": -0.4320005178451538,
        "positionX": -4.416481971740723,
        "positionY": 3.1643049716949463,
        "positionZ": -19.486732482910156,
        "yaw": 0.13500046730041504
    },
    "gameObjects": [
        {
            "id": 1,
            "modelComponent": {
                "modelName": "Duck"
            },
            "transform": {
                "position": [
                    -4.0,
                    3.0,
                    0.0
                ],
                "rotation": [
                    0.0,
                    0.0,
                    0.0,
                    1.0
                ],
                "scale": [
                    1.0,
                    1.0,
                    1.0
                ]
            }
        },
        {
            "id": 2,
            "modelComponent": {
                "modelName": "cube"
            },
            "transform": {
                "position": [
                    -2.0,
                    3.0,
                    0.0
                ],
                "rotation": [
                    0.0,
                    0.0,
                    0.0,
                    1.0
                ],
                "scale": [
                    1.0,
                    1.0,
                    1.0
                ]
            }
        },
        {
            "id": 3,
            "modelComponent": {
                "modelName": "BoxVertexColors"
            },
            "transform": {
                "position": [
                    0.0,
                    3.0,
                    0.0
                ],
                "rotation": [
                    0.0,
                    0.0,
                    0.0,
                    1.0
                ],
                "scale": [
                    1.0,
                    1.0,
                    1.0
                ]
            }
        },
        {
            "id": 4,
            "modelComponent": {
                "modelName": "Duck"
            },
            "transform": {
                "position": [
                    2.0,
                    3.0,
                    0.0
                ],
                "rotation": [
                    0.0,
                    0.0,
                    0.0,
                    1.0
                ],
                "scale": [
                    1.0,
                    1.0,
                    1.0
                ]
            }
        },
        {
            "id": 5,
            "modelComponent": {
                "modelName": "Lantern"
            },
            "transform": {
                "position": [
                    5.900000095367432,
                    3.0,
                    0.0
                ],
                "rotation": [
                    0.0,
                    0.0,
                    0.0,
                    1.0
                ],
                "scale": [
                    1.0,
                    1.0,
                    1.0
                ]
            }
        }
    ],
    "nextId": 6,
    "version": 3
}