{
    "camera": {
        "farZ": 1000.0,
        "fovY": 1.0471975803375244,
        "mouseSensitivity": 0.003000000026077032,
        "moveSpeed": 5.0,
        "nearZ": 0.10000000149011612,
        "pitch": 0.32099980115890503,
        "positionX": 3.842714786529541,
        "positionY": 4.5996599197387695,
        "positionZ": -1.8389114141464233,
        "yaw": -1.0919992923736572
    },
    "gameObjects": [
        {
            "color": [
                1.0,
                0.20000000298023224,
                0.20000000298023224,
                1.0
            ],
            "id": 1,
            "modelComponent": {
                "modelName": "Duck"
            },
            "transform": {
                "position": [
                    -4.0,
                    3.0,
                    0.0
                ],
                "rotation": [
                    0.0,
                    0.0,
                    0.0
                ],
                "scale": [
                    1.0,
                    1.0,
                    1.0
                ]
            }
        },
        {
            "color": [
                0.20000000298023224,
                1.0,
                0.20000000298023224,
                1.0
            ],
            "id": 2,
            "modelComponent": {
                "modelName": "cube"
            },
            "transform": {
                "position": [
                    -2.0,
                    3.0,
                    0.0
                ],
                "rotation": [
                    0.0,
                    0.0,
                    0.0
                ],
                "scale": [
                    1.0,
                    1.0,
                    1.0
                ]
            }
        },
        {
            "color": [
                0.20000000298023224,
                0.4000000059604645,
                1.0,
                1.0
            ],
            "id": 3,
            "modelComponent": {
                "modelName": "BoxVertexColors"
            },
            "transform": {
                "position": [
                    0.0,
                    3.0,
                    0.0
                ],
                "rotation": [
                    0.0,
                    0.0,
                    0.0
                ],
                "scale": [
                    1.0,
                    1.0,
                    1.0
                ]
            }
        },
        {
            "color": [
                1.0,
                1.0,
                0.20000000298023224,
                1.0
            ],
            "id": 4,
            "modelComponent": {
                "modelName": "Duck"
            },
            "transform": {
                "position": [
                    2.0,
                    3.0,
                    0.0
                ],
                "rotation": [
                    0.0,
                    0.0,
                    0.0
                ],
                "scale": [
                    1.0,
                    1.0,
                    1.0
                ]
            }
        }
    ],
    "nextId": 5,
    "version": 2
}