{
    "camera": {
        "farZ": 1000.0,
        "fovY": 1.0471975803375244,
        "mouseSensitivity": 0.003000000026077032,
        "moveSpeed": 5.0,
        "nearZ": 0.10000000149011612,
        "pitch": 0.026339922100305557,
        "positionX": 9.01889419555664,
        "positionY": 1.2004320621490479,
        "positionZ": 0.2358165830373764,
        "yaw": -1.5810233354568481
    },
    "gameObjects": [
        {
            "id": 1,
            "lightComponent": {
                "color": [
                    1.0,
                    1.0,
                    1.0
                ],
                "intensity": 1.0,
                "shininess": 32.0,
                "specularStrength": 0.5,
                "type": "directional"
            },
            "name": "Directional Light",
            "transform": {
                "position": [
                    0.0,
                    0.0,
                    0.0
                ],
                "rotation": [
                    0.7071068286895752,
                    0.0,
                    0.0,
                    0.7071067690849304
                ],
                "scale": [
                    1.0,
                    0.9999986290931702,
                    0.9999986290931702
                ]
            }
        },
        {
            "id": 4,
            "lightComponent": {
                "color": [
                    1.0,
                    1.0,
                    1.0
                ],
                "intensity": 1.0,
                "type": "ambient"
            },
            "name": "Ambient Light",
            "transform": {
                "position": [
                    0.0,
                    0.0,
                    0.0
                ],
                "rotation": [
                    0.0,
                    0.0,
                    0.0,
                    1.0
                ],
                "scale": [
                    1.0,
                    1.0,
                    1.0
                ]
            }
        },
        {
            "id": 3,
            "modelComponent": {
                "modelName": "Duck"
            },
            "name": "Duck",
            "transform": {
                "position": [
                    0.0,
                    0.0,
                    0.0
                ],
                "rotation": [
                    -0.0,
                    0.0,
                    -0.0,
                    1.0
                ],
                "scale": [
                    1.0,
                    1.0,
                    1.0
                ]
            }
        },
        {
            "id": 5,
            "modelComponent": {
                "modelName": "Sponza"
            },
            "name": "Sponza",
            "transform": {
                "position": [
                    0.0,
                    0.0,
                    0.0
                ],
                "rotation": [
                    0.0,
                    0.0,
                    0.0,
                    1.0
                ],
                "scale": [
                    1.0,
                    0.9999992847442627,
                    0.9999992847442627
                ]
            }
        }
    ],
    "nextId": 6,
    "version": 5
}