{
    "camera": {
        "farZ": 1000.0,
        "fovY": 1.0471975803375244,
        "mouseSensitivity": 0.003000000026077032,
        "moveSpeed": 5.0,
        "nearZ": 0.10000000149011612,
        "pitch": 0.11700142174959183,
        "positionX": -0.5993977785110474,
        "positionY": 5.4003520011901855,
        "positionZ": -12.687322616577148,
        "yaw": 0.030000144615769386
    },
    "gameObjects": [
        {
            "id": 1,
            "lightComponent": {
                "color": [
                    1.0,
                    1.0,
                    1.0
                ],
                "intensity": 1.0,
                "shininess": 32.0,
                "specularStrength": 0.5,
                "type": "directional"
            },
            "name": "Directional Light",
            "transform": {
                "position": [
                    0.0,
                    0.0,
                    0.0
                ],
                "rotation": [
                    0.0,
                    0.0,
                    0.0,
                    1.0
                ],
                "scale": [
                    1.0,
                    1.0,
                    1.0
                ]
            }
        },
        {
            "id": 4,
            "lightComponent": {
                "color": [
                    0.15000000596046448,
                    0.15000000596046448,
                    0.18000000715255737
                ],
                "intensity": 1.0,
                "type": "ambient"
            },
            "name": "Ambient Light",
            "transform": {
                "position": [
                    0.0,
                    0.0,
                    0.0
                ],
                "rotation": [
                    0.0,
                    0.0,
                    0.0,
                    1.0
                ],
                "scale": [
                    1.0,
                    1.0,
                    1.0
                ]
            }
        },
        {
            "id": 2,
            "modelComponent": {
                "modelName": "Lantern"
            },
            "name": "Lantern",
            "transform": {
                "position": [
                    3.768077850341797,
                    0.0,
                    0.0
                ],
                "rotation": [
                    -0.0,
                    0.0,
                    -0.0,
                    1.0
                ],
                "scale": [
                    1.0,
                    1.0,
                    1.0
                ]
            }
        },
        {
            "id": 3,
            "modelComponent": {
                "modelName": "Duck"
            },
            "name": "Duck",
            "transform": {
                "position": [
                    -4.219113826751709,
                    0.0,
                    0.0
                ],
                "rotation": [
                    -0.0,
                    0.0,
                    -0.0,
                    1.0
                ],
                "scale": [
                    1.0,
                    1.0,
                    1.0
                ]
            }
        }
    ],
    "nextId": 5,
    "version": 5
}