{
    "camera": {
        "farZ": 1000.0,
        "fovY": 1.0471975803375244,
        "mouseSensitivity": 0.003000000026077032,
        "moveSpeed": 5.0,
        "nearZ": 0.10000000149011612,
        "pitch": 0.04800001531839371,
        "positionX": -3.4687373638153076,
        "positionY": 0.6016526222229004,
        "positionZ": -3.7877843379974365,
        "yaw": 0.27299991250038147
    },
    "gameObjects": [
        {
            "color": [
                1.0,
                0.20000000298023224,
                0.20000000298023224,
                1.0
            ],
            "id": 1,
            "modelName": "",
            "transform": {
                "position": [
                    -4.0,
                    3.0,
                    0.0
                ],
                "rotation": [
                    0.0,
                    0.0,
                    0.0
                ],
                "scale": [
                    1.0,
                    1.0,
                    1.0
                ]
            }
        },
        {
            "color": [
                0.20000000298023224,
                1.0,
                0.20000000298023224,
                1.0
            ],
            "id": 2,
            "modelName": "",
            "transform": {
                "position": [
                    -2.0,
                    3.0,
                    0.0
                ],
                "rotation": [
                    0.0,
                    0.0,
                    0.0
                ],
                "scale": [
                    1.0,
                    1.0,
                    1.0
                ]
            }
        },
        {
            "color": [
                0.20000000298023224,
                0.4000000059604645,
                1.0,
                1.0
            ],
            "id": 3,
            "modelName": "",
            "transform": {
                "position": [
                    0.0,
                    3.0,
                    0.0
                ],
                "rotation": [
                    0.0,
                    0.0,
                    0.0
                ],
                "scale": [
                    1.0,
                    1.0,
                    1.0
                ]
            }
        },
        {
            "color": [
                1.0,
                1.0,
                0.20000000298023224,
                1.0
            ],
            "id": 4,
            "modelName": "",
            "transform": {
                "position": [
                    2.0,
                    3.0,
                    0.0
                ],
                "rotation": [
                    0.0,
                    0.0,
                    0.0
                ],
                "scale": [
                    1.0,
                    1.0,
                    1.0
                ]
            }
        },
        {
            "color": [
                1.0,
                0.20000000298023224,
                1.0,
                1.0
            ],
            "id": 5,
            "modelName": "",
            "transform": {
                "position": [
                    4.0,
                    3.0,
                    0.0
                ],
                "rotation": [
                    0.0,
                    0.0,
                    0.0
                ],
                "scale": [
                    1.0,
                    1.0,
                    1.0
                ]
            }
        },
        {
            "color": [
                0.20000000298023224,
                1.0,
                1.0,
                1.0
            ],
            "id": 6,
            "modelName": "",
            "transform": {
                "position": [
                    -4.0,
                    1.0,
                    0.0
                ],
                "rotation": [
                    0.0,
                    0.0,
                    0.0
                ],
                "scale": [
                    1.0,
                    1.0,
                    1.0
                ]
            }
        },
        {
            "color": [
                1.0,
                0.6000000238418579,
                0.20000000298023224,
                1.0
            ],
            "id": 7,
            "modelName": "",
            "transform": {
                "position": [
                    -2.0,
                    1.0,
                    0.0
                ],
                "rotation": [
                    0.0,
                    0.0,
                    0.0
                ],
                "scale": [
                    1.0,
                    1.0,
                    1.0
                ]
            }
        },
        {
            "color": [
                0.6000000238418579,
                0.20000000298023224,
                1.0,
                1.0
            ],
            "id": 8,
            "modelName": "",
            "transform": {
                "position": [
                    0.0,
                    1.0,
                    0.0
                ],
                "rotation": [
                    0.0,
                    0.0,
                    0.0
                ],
                "scale": [
                    1.0,
                    1.0,
                    1.0
                ]
            }
        },
        {
            "color": [
                1.0,
                0.20000000298023224,
                0.20000000298023224,
                1.0
            ],
            "id": 9,
            "modelName": "",
            "transform": {
                "position": [
                    2.0,
                    1.0,
                    0.0
                ],
                "rotation": [
                    0.0,
                    0.0,
                    0.0
                ],
                "scale": [
                    1.0,
                    1.0,
                    1.0
                ]
            }
        },
        {
            "color": [
                0.20000000298023224,
                1.0,
                0.20000000298023224,
                1.0
            ],
            "id": 10,
            "modelName": "",
            "transform": {
                "position": [
                    4.0,
                    1.0,
                    0.0
                ],
                "rotation": [
                    0.0,
                    0.0,
                    0.0
                ],
                "scale": [
                    1.0,
                    1.0,
                    1.0
                ]
            }
        },
        {
            "color": [
                0.20000000298023224,
                0.4000000059604645,
                1.0,
                1.0
            ],
            "id": 11,
            "modelName": "",
            "transform": {
                "position": [
                    -4.0,
                    -1.0,
                    0.0
                ],
                "rotation": [
                    0.0,
                    0.0,
                    0.0
                ],
                "scale": [
                    1.0,
                    1.0,
                    1.0
                ]
            }
        },
        {
            "color": [
                1.0,
                1.0,
                0.20000000298023224,
                1.0
            ],
            "id": 12,
            "modelName": "",
            "transform": {
                "position": [
                    -2.0,
                    -1.0,
                    0.0
                ],
                "rotation": [
                    0.0,
                    0.0,
                    0.0
                ],